{"cameraMode":{"drawMode":0,"name":"Shaded","section":"Shading Mode"},"sceneLighting":false,"audioPlay":false,"sceneViewState":{"m_AlwaysRefresh":false,"showFog":true,"showSkybox":false,"showFlares":true,"showImageEffects":true,"showParticleSystems":true,"showVisualEffectGraphs":true,"m_FxEnabled":true},"in2DMode":false,"pivot":{"x":0.003604855388402939,"y":0.004802844487130642,"z":-0.0024607982486486437},"rotation":{"x":0.05636392533779144,"y":-0.017975876107811929,"z":0.000926173001062125,"w":0.9982903003692627},"size":0.011767297983169556,"orthographic":false}