{"cameraMode":{"drawMode":0,"name":"Shaded","section":"Shading Mode"},"sceneLighting":false,"audioPlay":false,"sceneViewState":{"m_AlwaysRefresh":false,"showFog":true,"showSkybox":false,"showFlares":true,"showImageEffects":true,"showParticleSystems":true,"showVisualEffectGraphs":true,"m_FxEnabled":true},"in2DMode":false,"pivot":{"x":0.15789270401000977,"y":0.3578004240989685,"z":-0.08005428314208985},"rotation":{"x":0.40311184525489809,"y":-0.0027812588959932329,"z":0.0011280103353783489,"w":0.9151892066001892},"size":3.9381513595581056,"orthographic":false}