{"cameraMode":{"drawMode":0,"name":"Shaded","section":"Shading Mode"},"sceneLighting":false,"audioPlay":false,"sceneViewState":{"m_AlwaysRefresh":false,"showFog":true,"showSkybox":false,"showFlares":true,"showImageEffects":true,"showParticleSystems":true,"showVisualEffectGraphs":true,"m_FxEnabled":true},"in2DMode":false,"pivot":{"x":-0.3093271255493164,"y":-0.5096350908279419,"z":0.5717229843139648},"rotation":{"x":0.07265353202819824,"y":-0.7233514189720154,"z":0.07677961140871048,"w":0.6824067234992981},"size":2.4582581520080568,"orthographic":false}