{"cameraMode":{"drawMode":0,"name":"Shaded","section":"Shading Mode"},"sceneLighting":false,"audioPlay":false,"sceneViewState":{"m_AlwaysRefresh":false,"showFog":true,"showSkybox":false,"showFlares":true,"showImageEffects":true,"showParticleSystems":true,"showVisualEffectGraphs":true,"m_FxEnabled":true},"in2DMode":false,"pivot":{"x":0.015604761429131031,"y":0.007286235690116882,"z":-0.009236400946974755},"rotation":{"x":0.0917406901717186,"y":0.4711443781852722,"z":-0.049438126385211948,"w":0.8759255409240723},"size":0.006738179363310337,"orthographic":false}