{"cameraMode":{"drawMode":0,"name":"Shaded","section":"Shading Mode"},"sceneLighting":false,"audioPlay":false,"sceneViewState":{"m_AlwaysRefresh":false,"showFog":true,"showSkybox":false,"showFlares":true,"showImageEffects":true,"showParticleSystems":true,"showVisualEffectGraphs":true,"m_FxEnabled":true},"in2DMode":false,"pivot":{"x":-19.183778762817384,"y":3.245103359222412,"z":-8.287663459777832},"rotation":{"x":0.14548824727535249,"y":0.6843937039375305,"z":-0.14224857091903687,"w":0.7001867890357971},"size":0.0017583789303898812,"orthographic":false}