{"cameraMode":{"drawMode":0,"name":"Shaded","section":"Shading Mode"},"sceneLighting":false,"audioPlay":false,"sceneViewState":{"m_AlwaysRefresh":false,"showFog":true,"showSkybox":false,"showFlares":true,"showImageEffects":true,"showParticleSystems":true,"showVisualEffectGraphs":true,"m_FxEnabled":true},"in2DMode":false,"pivot":{"x":-6.836518287658691,"y":-0.039999961853027347,"z":-21.798236846923829},"rotation":{"x":0.14548824727535249,"y":0.6843937039375305,"z":-0.14224857091903687,"w":0.7001867890357971},"size":5.856768608093262,"orthographic":false}