{"cameraMode":{"drawMode":0,"name":"Shaded","section":"Shading Mode"},"sceneLighting":false,"audioPlay":false,"sceneViewState":{"m_AlwaysRefresh":false,"showFog":true,"showSkybox":false,"showFlares":true,"showImageEffects":true,"showParticleSystems":true,"showVisualEffectGraphs":true,"m_FxEnabled":true},"in2DMode":false,"pivot":{"x":-20.420000076293947,"y":-0.059999942779541019,"z":5.849999904632568},"rotation":{"x":0.05207149684429169,"y":0.6971625685691834,"z":-0.05092768371105194,"w":0.7132439017295837},"size":5.430810928344727,"orthographic":false}