{"cameraMode":{"drawMode":0,"name":"Shaded","section":"Shading Mode"},"sceneLighting":false,"audioPlay":false,"sceneViewState":{"m_AlwaysRefresh":false,"showFog":true,"showSkybox":false,"showFlares":true,"showImageEffects":true,"showParticleSystems":true,"showVisualEffectGraphs":true,"m_FxEnabled":true},"in2DMode":false,"pivot":{"x":10.924383163452149,"y":2.1642351150512697,"z":-3.047764778137207},"rotation":{"x":0.2531149685382843,"y":0.0057909199967980389,"z":-0.0015679082134738565,"w":0.9674395322799683},"size":2.776963949203491,"orthographic":false}