{"cameraMode":{"drawMode":0,"name":"Shaded","section":"Shading Mode"},"sceneLighting":false,"audioPlay":false,"sceneViewState":{"m_AlwaysRefresh":false,"showFog":true,"showSkybox":false,"showFlares":true,"showImageEffects":true,"showParticleSystems":true,"showVisualEffectGraphs":true,"m_FxEnabled":true},"in2DMode":false,"pivot":{"x":-4.456158638000488,"y":4.583127021789551,"z":-20.0564022064209},"rotation":{"x":0.15702036023139954,"y":0.6819537281990051,"z":-0.15352191030979157,"w":0.6976909637451172},"size":0.0023170728236436846,"orthographic":false}