{"cameraMode":{"drawMode":0,"name":"Shaded","section":"Shading Mode"},"sceneLighting":false,"audioPlay":false,"sceneViewState":{"m_AlwaysRefresh":false,"showFog":true,"showSkybox":false,"showFlares":true,"showImageEffects":true,"showParticleSystems":true,"showVisualEffectGraphs":true,"m_FxEnabled":true},"in2DMode":false,"pivot":{"x":0.4818246066570282,"y":2.709472179412842,"z":0.8594084978103638},"rotation":{"x":0.3793216347694397,"y":-0.14074967801570893,"z":0.05846196040511131,"w":0.912652313709259},"size":0.000017320508050033823,"orthographic":false}