{"cameraMode":{"drawMode":0,"name":"Shaded","section":"Shading Mode"},"sceneLighting":false,"audioPlay":false,"sceneViewState":{"m_AlwaysRefresh":false,"showFog":true,"showSkybox":false,"showFlares":true,"showImageEffects":true,"showParticleSystems":true,"showVisualEffectGraphs":true,"m_FxEnabled":true},"in2DMode":false,"pivot":{"x":-47.203731536865237,"y":9.46060562133789,"z":-3.146927833557129},"rotation":{"x":0.24440188705921174,"y":-0.0000068632430156867489,"z":-0.000025418770746910013,"w":0.9696924686431885},"size":21.785959243774415,"orthographic":false}