{"cameraMode":{"drawMode":0,"name":"Shaded","section":"Shading Mode"},"sceneLighting":false,"audioPlay":false,"sceneViewState":{"m_AlwaysRefresh":false,"showFog":true,"showSkybox":false,"showFlares":true,"showImageEffects":true,"showParticleSystems":true,"showVisualEffectGraphs":true,"m_FxEnabled":true},"in2DMode":false,"pivot":{"x":6.3154497146606449,"y":2.1693148612976076,"z":-0.7341521382331848},"rotation":{"x":0.05207149684429169,"y":0.6971625685691834,"z":-0.05092768371105194,"w":0.7132439017295837},"size":1.6161328554153443,"orthographic":false}