{"cameraMode":{"drawMode":0,"name":"Shaded","section":"Shading Mode"},"sceneLighting":false,"audioPlay":false,"sceneViewState":{"m_AlwaysRefresh":false,"showFog":true,"showSkybox":false,"showFlares":true,"showImageEffects":true,"showParticleSystems":true,"showVisualEffectGraphs":true,"m_FxEnabled":true},"in2DMode":false,"pivot":{"x":38.729705810546878,"y":3.0497121810913088,"z":-7.474314212799072},"rotation":{"x":0.21727825701236726,"y":-0.6392379999160767,"z":0.19520270824432374,"w":0.711418628692627},"size":0.000017320508050033823,"orthographic":false}