{"cameraMode":{"drawMode":0,"name":"Shaded","section":"Shading Mode"},"sceneLighting":false,"audioPlay":false,"sceneViewState":{"m_AlwaysRefresh":false,"showFog":true,"showSkybox":false,"showFlares":true,"showImageEffects":true,"showParticleSystems":true,"showVisualEffectGraphs":true,"m_FxEnabled":true},"in2DMode":false,"pivot":{"x":5.659012794494629,"y":0.30002346634864809,"z":3.278733015060425},"rotation":{"x":0.29124653339385989,"y":0.11869831383228302,"z":-0.03650215268135071,"w":0.9485974311828613},"size":0.40400776267051699,"orthographic":false}