{"cameraMode":{"drawMode":0,"name":"Shaded","section":"Shading Mode"},"sceneLighting":false,"audioPlay":false,"sceneViewState":{"m_AlwaysRefresh":false,"showFog":true,"showSkybox":false,"showFlares":true,"showImageEffects":true,"showParticleSystems":true,"showVisualEffectGraphs":true,"m_FxEnabled":true},"in2DMode":false,"pivot":{"x":0.011503491550683976,"y":9.283227920532227,"z":-1.9938875436782838},"rotation":{"x":0.5161044001579285,"y":-0.018068764358758928,"z":0.010699926875531674,"w":0.8563212156295776},"size":0.008691905066370964,"orthographic":false}