{"cameraMode":{"drawMode":0,"name":"Shaded","section":"Shading Mode"},"sceneLighting":true,"audioPlay":false,"sceneViewState":{"m_AlwaysRefresh":false,"showFog":true,"showSkybox":true,"showFlares":true,"showImageEffects":true,"showParticleSystems":true,"showVisualEffectGraphs":true,"m_FxEnabled":true},"in2DMode":false,"pivot":{"x":-3.274322986602783,"y":2.4717190265655519,"z":0.17711299657821656},"rotation":{"x":0.5210390686988831,"y":0.47814735770225527,"z":-0.5186712741851807,"w":0.4805801212787628},"size":1.0981801748275757,"orthographic":false}