{"cameraMode":{"drawMode":0,"name":"Shaded","section":"Shading Mode"},"sceneLighting":true,"audioPlay":false,"sceneViewState":{"m_AlwaysRefresh":false,"showFog":true,"showSkybox":true,"showFlares":true,"showImageEffects":true,"showParticleSystems":true,"showVisualEffectGraphs":true,"m_FxEnabled":true},"in2DMode":false,"pivot":{"x":-0.9543434977531433,"y":0.7392606735229492,"z":6.1020050048828129},"rotation":{"x":-0.30782997608184817,"y":-0.002258271910250187,"z":0.0008467064471915364,"w":-0.9514856934547424},"size":9.150470733642579,"orthographic":false}