{"cameraMode":{"drawMode":0,"name":"Shaded","section":"Shading Mode"},"sceneLighting":true,"audioPlay":false,"sceneViewState":{"m_AlwaysRefresh":false,"showFog":true,"showSkybox":true,"showFlares":true,"showImageEffects":true,"showParticleSystems":true,"showVisualEffectGraphs":true,"m_FxEnabled":true},"in2DMode":false,"pivot":{"x":-0.65729820728302,"y":1.4403190612792969,"z":-0.1267557144165039},"rotation":{"x":0.27048438787460329,"y":0.005775793455541134,"z":-0.0016237680101767183,"w":0.9627164602279663},"size":5.198172092437744,"orthographic":false}