{"cameraMode":{"drawMode":0,"name":"Shaded","section":"Shading Mode"},"sceneLighting":true,"audioPlay":false,"sceneViewState":{"m_AlwaysRefresh":false,"showFog":true,"showSkybox":true,"showFlares":true,"showImageEffects":true,"showParticleSystems":true,"showVisualEffectGraphs":true,"m_FxEnabled":true},"in2DMode":false,"pivot":{"x":-0.07569459825754166,"y":8.020356178283692,"z":-13.757481575012207},"rotation":{"x":0.20640242099761964,"y":-0.008821123279631138,"z":0.001785481465049088,"w":0.9784565567970276},"size":0.10825235396623612,"orthographic":false}